<?xml version="1.0" encoding="UTF-8" standalone="yes"?>
<addon id="BluePlay.Repo" name="[B][COLOR white]Blue[/COLOR][COLOR aquamarine]Play[/COLOR] [COLOR white]Repo[/COLOR][/B]" version="1.03" provider-name="[COLOR white]Team[/COLOR][COLOR white] Blue[/COLOR][COLOR aquamarine]Play[/COLOR]">
  <requires>
    <import addon="xbmc.addon" version="12.0.0"/>  
  </requires>
  <extension point="xbmc.addon.repository" name="[B][COLOR white]Blue[/COLOR][COLOR aquamarine]Play[/COLOR] [COLOR white]Repo[/COLOR][/B]">
    <dir>
    <info compressed="true">https://raw.github.com/BluePlay8486/blueplayrepo.github.io/master/addons.xml</info>
    <checksum>https://raw.github.com/BluePlay8486/blueplayrepo.github.io/master/addons.xml.md5</checksum>
    <datadir zip="true">https://raw.github.com/BluePlay8486/blueplayrepo.github.io/master</datadir>
    <hashes>false</hashes>
</dir>
  <dir minversion="19.9.9">
      <info compressed="true">https://raw.github.com/BluePlay8486/blueplayrepo.github.io/master/omega/addons.xml</info>
      <checksum>https://raw.github.com/BluePlay8486/blueplayrepo.github.io/master/omega/addons.xml.md5</checksum>
      <datadir zip="true">https://raw.github.com/BluePlay8486/blueplayrepo.github.io/master/omega</datadir>
      <hashes>false</hashes>
  </dir> 
<dir minversion="19.9.9">
      <info compressed="true">https://raw.github.com/BluePlay8486/blueplayrepo.github.io/master/nexus/addons.xml</info>
      <checksum>https://raw.github.com/BluePlay8486/blueplayrepo.github.io/master/nexus/addons.xml.md5</checksum>
      <datadir zip="true">https://raw.github.com/BluePlay8486/blueplayrepo.github.io/master/nexus</datadir>
      <hashes>false</hashes>
  </dir>  
  <dir minversion="19.0.0">
      <info compressed="true">https://raw.github.com/BluePlay8486/blueplayrepo.github.io/master/matrix/addons.xml</info>
      <checksum>https://raw.github.com/BluePlay8486/blueplayrepo.github.io/master/matrix/addons.xml.md5</checksum>
      <datadir zip="true">https://raw.github.com/BluePlay8486/blueplayrepo.github.io/master/matrix</datadir>
      <hashes>false</hashes>
  </dir>    
  </extension>
  <extension point="xbmc.addon.metadata">
    <summary>repositorio flixboxs</summary>
    <description>repositorio oficial flixboxs- Proibido reproducao sem autorização prévia</description>
    <disclaimer></disclaimer>
    <platform>all</platform>
    <assets>
      <icon>icon.png</icon>
      <fanart>fanart.jpg</fanart>
    </assets>
  </extension>
</addon>
